Post Title,Comment
"Yo mista White I'm at the Game Awards, bitch!","What a fucking idiot.

Supposed to be hiding out in Alaska and goes to California and ends up on TV.

Lmao he gonna get busted for sure."
"Yo mista White I'm at the Game Awards, bitch!",https://preview.redd.it/oud55h2rmj6e1.jpeg?width=1080&format=pjpg&auto=webp&s=ff52366d3601c770f54a13dfb7e7b94b24c4ccd6
"Yo mista White I'm at the Game Awards, bitch!",jesser we need bloodborne 2
"Yo mista White I'm at the Game Awards, bitch!","gaming good

https://preview.redd.it/hp21gvkbmj6e1.png?width=640&format=png&auto=webp&s=baca655c08cd3dec93b2aba29873fdf03232e63a"
"Yo mista White I'm at the Game Awards, bitch!",https://preview.redd.it/hh6e8mpy1k6e1.jpeg?width=975&format=pjpg&auto=webp&s=360c703d08bc0ce796d8df7dc14c2f30bc1f87d9
"Yo mista White I'm at the Game Awards, bitch!",he was smashed lmao
"Yo mista White I'm at the Game Awards, bitch!",They should have done a episode where Hank tries to catch Heisenburg by making a fake meth award show where he's nominated for meth of the year. Walt would know it was a trap because Hank told him but he would go anyway because he thinks he deserves the award for all his hard work
"Yo mista White I'm at the Game Awards, bitch!","i thought they were going to fuck... jokes aside, why do we need these awful sketches"
"Yo mista White I'm at the Game Awards, bitch!",Kid Named Astro Bot
"Yo mista White I'm at the Game Awards, bitch!","Damn, bro got to stand next to Laura Bailey"
