Subreddit,Post Title,Comment
funny,Iâ€™ve never read the Bible but Iâ€™m 99% sure that isnâ€™t what it says,"---      

>This is a friendly reminder to [read our rules](https://www.reddit.com/r/funny/wiki/rules). 
>
>Memes, social media, hate-speech, and [politics / political figures](https://www.reddit.com/r/funny/comments/160kuuf/reminder_any_political_content_will_earn_an/) are not allowed. 
>
>Screenshots of Reddit are expressly forbidden, as are TikTok videos.
>
>**Rule-breaking posts may result in bans.**
>
>Please also [be wary of spam](https://www.reddit.com/r/funny/wiki/spam).
>
---


*I am a bot, and this action was performed automatically. Please [contact the moderators of this subreddit](/message/compose/?to=/r/funny) if you have any questions or concerns.*"
funny,Iâ€™ve never read the Bible but Iâ€™m 99% sure that isnâ€™t what it says,"here, i'll save you all a google search:

  
Psalm 18:2 says, ""The LORD is my rock, and my fortress, and my deliverer; My God, my strength, in whom I will trust; My buckler, and the horn of my salvation, and my high tower""

  
sounds like the dude worships his truck."
funny,From my tea advent calendar. A hint of what? Speak up!,"---      

>This is a friendly reminder to [read our rules](https://www.reddit.com/r/funny/wiki/rules). 
>
>Memes, social media, hate-speech, and [politics / political figures](https://www.reddit.com/r/funny/comments/160kuuf/reminder_any_political_content_will_earn_an/) are not allowed. 
>
>Screenshots of Reddit are expressly forbidden, as are TikTok videos.
>
>**Rule-breaking posts may result in bans.**
>
>Please also [be wary of spam](https://www.reddit.com/r/funny/wiki/spam).
>
---


*I am a bot, and this action was performed automatically. Please [contact the moderators of this subreddit](/message/compose/?to=/r/funny) if you have any questions or concerns.*"
funny,From my tea advent calendar. A hint of what? Speak up!,Sounds waxy.
funny,From my tea advent calendar. A hint of what? Speak up!,Lolz .  Why did u get downvoted?????  Pretty funny I thought!
funny,From my tea advent calendar. A hint of what? Speak up!,"It's probably supposed to be pear, but maybe this is the Hannibal Lector Lovers special blend."
funny,Perks to ADHD,"---      

>This is a friendly reminder to [read our rules](https://www.reddit.com/r/funny/wiki/rules). 
>
>Memes, social media, hate-speech, and [politics / political figures](https://www.reddit.com/r/funny/comments/160kuuf/reminder_any_political_content_will_earn_an/) are not allowed. 
>
>Screenshots of Reddit are expressly forbidden, as are TikTok videos.
>
>**Rule-breaking posts may result in bans.**
>
>Please also [be wary of spam](https://www.reddit.com/r/funny/wiki/spam).
>
---


*I am a bot, and this action was performed automatically. Please [contact the moderators of this subreddit](/message/compose/?to=/r/funny) if you have any questions or concerns.*"
funny,Perks to ADHD,"I have a feeling Iâ€™m the most sensitive person to stimulants in the world. If I take my medication past 11AM, I wonâ€™t fall asleep. Same goes with caffeine after 4PM"
funny,Perks to ADHD,I find a healthy balance of caffeine and weed gets you a nice middle ground.
funny,Perks to ADHD,"Caffiene has never had a single effect on me, I honestly thought it was a placeboðŸ’”"
funny,Perks to ADHD,"Oh, I feel this. Caffeine makes me so incredibly sleepy!"
funny,Squirrel downing BBQ sauce,"---      

>This is a friendly reminder to [read our rules](https://www.reddit.com/r/funny/wiki/rules). 
>
>Memes, social media, hate-speech, and [politics / political figures](https://www.reddit.com/r/funny/comments/160kuuf/reminder_any_political_content_will_earn_an/) are not allowed. 
>
>Screenshots of Reddit are expressly forbidden, as are TikTok videos.
>
>**Rule-breaking posts may result in bans.**
>
>Please also [be wary of spam](https://www.reddit.com/r/funny/wiki/spam).
>
---


*I am a bot, and this action was performed automatically. Please [contact the moderators of this subreddit](/message/compose/?to=/r/funny) if you have any questions or concerns.*"
funny,Squirrel downing BBQ sauce,That's called a self-marinade
funny,Squirrel downing BBQ sauce,"That's my boy right there, love me some bbq sauce"
funny,Squirrel downing BBQ sauce,Nature is fucked.
funny,Today episode of kids say the funniest things,"---      

>This is a friendly reminder to [read our rules](https://www.reddit.com/r/funny/wiki/rules). 
>
>Memes, social media, hate-speech, and [politics / political figures](https://www.reddit.com/r/funny/comments/160kuuf/reminder_any_political_content_will_earn_an/) are not allowed. 
>
>Screenshots of Reddit are expressly forbidden, as are TikTok videos.
>
>**Rule-breaking posts may result in bans.**
>
>Please also [be wary of spam](https://www.reddit.com/r/funny/wiki/spam).
>
---


*I am a bot, and this action was performed automatically. Please [contact the moderators of this subreddit](/message/compose/?to=/r/funny) if you have any questions or concerns.*"
funny,Today episode of kids say the funniest things,This is a great idea. He get him some ice cream.
funny,Femboys,"---      

>This is a friendly reminder to [read our rules](https://www.reddit.com/r/funny/wiki/rules). 
>
>Memes, social media, hate-speech, and [politics / political figures](https://www.reddit.com/r/funny/comments/160kuuf/reminder_any_political_content_will_earn_an/) are not allowed. 
>
>Screenshots of Reddit are expressly forbidden, as are TikTok videos.
>
>**Rule-breaking posts may result in bans.**
>
>Please also [be wary of spam](https://www.reddit.com/r/funny/wiki/spam).
>
---


*I am a bot, and this action was performed automatically. Please [contact the moderators of this subreddit](/message/compose/?to=/r/funny) if you have any questions or concerns.*"
funny,Femboys,Guardiola??
funny,Femboys,Can someone explain in more detail what is happening? Looks like some KPMG consultant walking from the office and getting upset but I've got no audio so not sure
funny,Femboys,The one with the Japanese business man is better
funny,Femboys,Pep is a man of class I see
funny,I heard their mozzarella sticks are outrageous. ,"---      

>This is a friendly reminder to [read our rules](https://www.reddit.com/r/funny/wiki/rules). 
>
>Memes, social media, hate-speech, and [politics / political figures](https://www.reddit.com/r/funny/comments/160kuuf/reminder_any_political_content_will_earn_an/) are not allowed. 
>
>Screenshots of Reddit are expressly forbidden, as are TikTok videos.
>
>**Rule-breaking posts may result in bans.**
>
>Please also [be wary of spam](https://www.reddit.com/r/funny/wiki/spam).
>
---


*I am a bot, and this action was performed automatically. Please [contact the moderators of this subreddit](/message/compose/?to=/r/funny) if you have any questions or concerns.*"
funny,I heard their mozzarella sticks are outrageous. ," I swear to god, Iâ€™ll pistol whip the next guy that says shenanigans!"
funny,I heard their mozzarella sticks are outrageous. ,You guys talking about Shenanigans?!?!
funny,I heard their mozzarella sticks are outrageous. ,Calvin works here!
funny,I heard their mozzarella sticks are outrageous. ,"Remember, the difference between ordinary and extraordinary is that little extra"
funny,How would you do it?,"---      

>This is a friendly reminder to [read our rules](https://www.reddit.com/r/funny/wiki/rules). 
>
>Memes, social media, hate-speech, and [politics / political figures](https://www.reddit.com/r/funny/comments/160kuuf/reminder_any_political_content_will_earn_an/) are not allowed. 
>
>Screenshots of Reddit are expressly forbidden, as are TikTok videos.
>
>**Rule-breaking posts may result in bans.**
>
>Please also [be wary of spam](https://www.reddit.com/r/funny/wiki/spam).
>
---


*I am a bot, and this action was performed automatically. Please [contact the moderators of this subreddit](/message/compose/?to=/r/funny) if you have any questions or concerns.*"
funny,How would you do it?,You're an inanimate object!
funny,How would you do it?,tell him thats hes a comp sci major in todayâ€™s job market
funny,How would you do it?,**sigh**
funny,How would you do it?,"*looks at button*

The only thing that got fingered more than you was YOUR MOM!"
funny,Middle-aged Man learns to rap in his bathroom,"---      

>This is a friendly reminder to [read our rules](https://www.reddit.com/r/funny/wiki/rules). 
>
>Memes, social media, hate-speech, and [politics / political figures](https://www.reddit.com/r/funny/comments/160kuuf/reminder_any_political_content_will_earn_an/) are not allowed. 
>
>Screenshots of Reddit are expressly forbidden, as are TikTok videos.
>
>**Rule-breaking posts may result in bans.**
>
>Please also [be wary of spam](https://www.reddit.com/r/funny/wiki/spam).
>
---


*I am a bot, and this action was performed automatically. Please [contact the moderators of this subreddit](/message/compose/?to=/r/funny) if you have any questions or concerns.*"
funny,Middle-aged Man learns to rap in his bathroom,"This made my evening! Great job, buddy!"
funny,Middle-aged Man learns to rap in his bathroom,"Bathroom rap is all the rage baby

https://youtu.be/ulqP-REpWno?si=s21W_eciYXC746zr"
funny,Supersize me! ,"---      

>This is a friendly reminder to [read our rules](https://www.reddit.com/r/funny/wiki/rules). 
>
>Memes, social media, hate-speech, and [politics / political figures](https://www.reddit.com/r/funny/comments/160kuuf/reminder_any_political_content_will_earn_an/) are not allowed. 
>
>Screenshots of Reddit are expressly forbidden, as are TikTok videos.
>
>**Rule-breaking posts may result in bans.**
>
>Please also [be wary of spam](https://www.reddit.com/r/funny/wiki/spam).
>
---


*I am a bot, and this action was performed automatically. Please [contact the moderators of this subreddit](/message/compose/?to=/r/funny) if you have any questions or concerns.*"
funny,Supersize me! ,Donald McTrump
funny,Supersize me! ,Itâ€™s a vinyl art toy by the artist Ron English
funny,Supersize me! ,Thats the dude who ratted out Luigi
funny,Supersize me! ,"Looks like if Chumlee ,col sanders and ronald mcDonald had a love child"
